include,discipline,deliverable,activity_id,activity_type,activity_name,custom_activity_name,original_duration,custom_duration,budgeted_hours,custom_hours,owner,status,lead_notes
yes,Engineering Management,Engineering,1607_31000,Start,Start - FEL 3 Engineering,,0,,0,,,Not Started,
yes,Engineering Management,Engineering Work Groups,1607_31010,Summary,Summary - FEL 3 Engineering Work Groups,,119,,544,,,Not Started,
yes,PMAC,Engineering PMAC,1607_31020,Summary,Summary - FEL 3 Engineering PMAC,,160,,241,,,Not Started,
yes,Engineering Management,Kick-Off Meeting,1607_31170,Perform,Perform - FEL 3 Kick-Off Meeting (bp & Engineering),,1,,0,,,Not Started,
yes,PMAC,APP,1607_31030,Develop,Develop - FEL 3 APP,,20,,26,,,Not Started,
yes,Project Services,Project Services Estimate,1607_31040,Develop,Develop - FEL 3 Project Services Estimate (PSE),,20,,25,,,Not Started,
yes,PMAC,APP for Approval,1607_31060,Issue,Issue - FEL 3 APP for Approval,,0,,0,,,Not Started,
yes,Project Assurance,APP,1607_31070,Review,Review - FEL 3 APP (BP),,2,,0,,,Not Started,
yes,PMAC,APP,1607_31080,Approved,Approved - FEL 3 APP,,0,,0,,,Not Started,
yes,Project Assurance,Setting Business Priorities,1607_31050,Develop,Develop - Setting Business Priorities,,1,,2,,,Not Started,
yes,Project Assurance,Technical Practice Agreement,1607_31290,Develop,Develop - Technical Practice Agreement (TPA),,5,,2,,,Not Started,
yes,Procurement,Procurement & Contracting Stategy,1607_31500,Develop,Develop - Procurement & Contracting Stategy,,5,,2,,,Not Started,
yes,Project Assurance,Waste Plan,1607_31760,Develop,Develop - Waste Plan,,5,,2,,,Not Started,
yes,Project Assurance,FEL Toolbox Review *,1607_31970,Perform,Perform - FEL Toolbox Review *,,1,,2,,,Not Started,
yes,Project Assurance,Lessons Learned,1607_31670,Perform,Perform - Lessons Learned,,1,,2,,,Not Started,
yes,Project Assurance,Constructability Review & 30% 3D Model Review,1607_31560,Perform,Perform - Constructability Review & 30% 3D Model Review,,1,,28,,,Not Started,
yes,Project Assurance,Local  PHSSER,1607_31490,Prepare,Prepare - FEL 3  Local  PHSSER (pre-fill),,5,,2,,,Not Started,
yes,Project Assurance,Risk Assessment,1607_31660,Perform,Perform - Risk Assessment,,1,,2,,,Not Started,
yes,Project Assurance,Local PHSSER,1607_31610,Perform,Perform - FEL 3 Local PHSSER,,1,,2,,,Not Started,
yes,Project Assurance,SIS I/O Assessment,1607_31550,Develop,Develop - SIS I/O Assessment,,10,,12,,,Not Started,
yes,Project Assurance,SIS Safety Plan,1607_31530,Develop,Develop - SIS Safety Plan,,1,,6,,,Not Started,
yes,Engineering,PEP / SoR / BoD,1607_31650,Develop,Develop - FEL 3 PEP / SoR / BoD,,10,,6,,,Not Started,
yes,Project Assurance,PEP / SoR / BoD for Review,1607_31720,Issue,Issue - FEL 3 PEP / SoR / BoD for Review,,0,,0,,,Not Started,
yes,Project Assurance,PEP / SoR / BoD,1607_31770,Review,Review - FEL 3 PEP / SoR / BoD,,5,,0,,,Not Started,
yes,PMAC,PEP / SoR / BoD,1607_31800,Approved,Approved - FEL 3 PEP / SoR / BoD,,0,,0,,,Not Started,
yes,Engineering,Preliminary 3D Model,1607_31090,Develop,Develop - Preliminary 3D Model,,59,,256,,,Not Started,
yes,Project Assurance,3D Model Review,1607_31520,Perform,Perform - 3D Model Review (Internal),,1,,18,,,Not Started,
yes,Project Assurance,3D Model Review  Comments,1607_31540,Incorporate,Incorporate - 3D Model Review (Internal) Comments,,1,,15,,,Not Started,
yes,Project Assurance,3D Model Review W/bp,1607_31570,Perform,Perform - 3D Model Review W/bp,,1,,18,,,Not Started,
yes,Project Assurance,3D Model Review W/bp Comments,1607_31590,Incorporate,Incorporate - 3D Model Review W/bp Comments,,3,,17,,,Not Started,
yes,Process,Data Sheets,1607_31100,Develop,Develop - Data Sheets,,9,,18,,,Not Started,
yes,Process,Process Design Basis,1607_31680,Develop,Develop - Process Design Basis,,10,,12,,,Not Started,
yes,Mechanical,Equipment List,1607_31430,Develop,Develop - Equipment List,,5,,4,,,Not Started,
yes,Mechanical,Existing Drawing Review/Nozzle Locations,1607_31460,Develop,Develop - Existing Drawing Review/Nozzle Locations,,10,,16,,,Not Started,
yes,Mechanical,Specialty Item List,1607_31470,Develop,Develop - Specialty Item List,,5,,6,,,Not Started,
yes,Mechanical,Equipment List/Specialty Items List,1607_31580,Finalize,Finalize - Equipment List/Specialty Items List,,5,,0,,,Not Started,
yes,Piping,Laser Scanning & Registration,1607_31110,Perform,Perform - Laser Scanning & Registration,,19,,49,,,Not Started,
yes,Piping,Cadworx Specs,1607_31210,Review,Review -  Cadworx Specs,,5,,8,,,Not Started,
yes,I&C,Block Diagram/Instrument Index,1607_31130,Develop,Develop - Block Diagram/Instrument Index,,10,,52,,,Not Started,
yes,I&C,Preliminary Datasheets,1607_31150,Develop,Develop - Preliminary Datasheets,,10,,65,,,Not Started,
yes,I&C,Preliminary Loop Drawings,1607_31190,Develop,Develop - Preliminary Loop Drawings,,5,,26,,,Not Started,
yes,I&C,DCS  Configuration Sheets,1607_31370,Develop,Develop - DCS  Configuration Sheets,,10,,26,,,Not Started,
yes,I&C,C&E Redlines,1607_31380,Develop,Develop - C&E Redlines,,10,,20,,,Not Started,
yes,I&C,Block Diagram,1607_31340,Finalize,Finalize - Block Diagram,,5,,4,,,Not Started,
yes,I&C,Preliminary Instrument Index,1607_31350,Finalize,Finalize - Preliminary Instrument Index,,5,,4,,,Not Started,
yes,I&C,Logic Diagrams,1607_31360,Develop,Develop - Logic Diagrams,,5,,23,,,Not Started,
yes,Electrical,Preliminary Area Classification,1607_31120,Develop,Develop - Preliminary Area Classification,,38,,8,,,Not Started,
yes,Electrical,Preliminary Electrical Plan Drawings,1607_31160,Develop,Develop - Preliminary Electrical Plan Drawings,,50,,40,,,Not Started,
yes,Project Services,Preliminary Panel Schedules,1607_31200,Develop,Develop - Preliminary Panel Schedules,,45,,8,,,Not Started,
yes,Electrical,Preliminary Block Diagrams,1607_31220,Develop,Develop - Preliminary Block Diagrams,,40,,20,,,Not Started,
yes,Electrical,Preliminary Scope Narative,1607_31600,Develop,Develop - Preliminary Scope Narative,,15,,8,,,Not Started,
yes,Civil/Structural,Demo Sketches,1607_31140,Develop,Develop - Demo Sketches,,25,,68,,,Not Started,
yes,Civil/Structural,Platform Sketches,1607_31440,Develop,Develop - Platform Sketches,,16,,72,,,Not Started,
yes,Civil/Structural,Platform Calcs,1607_31450,Develop,Develop - Platform Calcs,,16,,40,,,Not Started,
yes,Process,P&IDs/Line Lists/Tie-In List,1607_31180,Develop,Develop - P&IDs/Line Lists/Tie-In List,,10,,144,,,Not Started,
yes,Process,P&IDs/LL/TIL for Initial Design Review,1607_31230,Draft,Draft - P&IDs/LL/TIL for Initial Design Review,,5,,8,,,Not Started,
yes,Process,Initial P&ID Review,1607_31240,Perform,Perform - Initial P&ID Review,,1,,16,,,Not Started,
yes,Process,P&ID Design Review Comments,1607_31250,Incorporate,Incorporate - P&ID Design Review Comments,,1,,14,,,Not Started,
yes,Process,To PA's P&IDS IFR,1607_31260,Perform,Perform - To PA's P&IDS IFR,,1,,1,,,Not Started,
yes,Process,P&IDs/LL/TIL for Review,1607_31270,Issue,Issue - P&IDs/LL/TIL for Review,,0,,0,,,Not Started,
yes,Process,P&IDs/LL/TIL,1607_31280,BP Review,BP Review - P&IDs/LL/TIL,,4,,0,,,Not Started,
yes,Process,P&IDs/LL/TIL BP Review Meeting,1607_31300,Perform,Perform - P&IDs/LL/TIL BP Review Meeting,,1,,16,,,Not Started,
yes,Process,BP P&IDs/LL/TIL Review Comments,1607_31310,Incorporate,Incorporate - BP P&IDs/LL/TIL Review Comments,,3,,14,,,Not Started,
yes,Process,P&ID for Validation,1607_31320,Facilitator Review,Facilitator Review - P&ID for Validation,,7,,2,,,Not Started,
yes,Process,P&ID Validation Meeting,1607_31330,Perform,Perform - P&ID Validation Meeting,,1,,16,,,Not Started,
yes,Process,P&ID Validation Meeting,1607_31390,Incorporate Comments,Incorporate Comments - P&ID Validation Meeting,,3,,14,,,Not Started,
yes,Process,To PA's  <IFH>,1607_31400,Perform,Perform - To PA's  <IFH>,,1,,1,,,Not Started,
yes,Process,P&IDs/LL/TIL for HAZOP,1607_31410,Issue,Issue - P&IDs/LL/TIL for HAZOP,,0,,0,,,Not Started,
yes,Process,P&IDs/LL/TIL for HAZOP,1607_31420,Client Review,Client Review - P&IDs/LL/TIL for HAZOP,,2,,0,,,Not Started,
yes,Process,PHA Meeting,1607_31480,Perform,Perform - PHA Meeting,,1,,18,,,Not Started,
yes,Process,PHA Comments,1607_31510,Incorporate,Incorporate - PHA Comments,,5,,14,,,Not Started,
yes,Process,MOC Log,1607_31620,Review,Review - MOC Log,,1,,2,,,Not Started,
yes,Process,To PA's Doc Control Review QA/QC,1607_31630,Perform,Perform - To PA's Doc Control Review QA/QC (IFD),,1,,1,,,Not Started,
yes,Process,P&IDs/LL/TIL - IFE/IFD,1607_31640,Issue,Issue - P&IDs/LL/TIL - IFE/IFD,,0,,0,,,Not Started,
yes,Project Services,Execute Project Services Estimate,1607_31700,Develop,Develop - Execute Project Services Estimate (PSE),,10,,25,,,Not Started,
yes,Project Services,Execute APP,1607_31710,Develop,Develop - Execute APP,,10,,26,,,Not Started,
yes,Project Services,Execute APP for Review,1607_31780,Issue,Issue - Execute APP for Review,,0,,0,,,Not Started,
yes,Project Services,Execute APP,1607_31790,Review,Review - Execute APP (BP),,10,,0,,,Not Started,
yes,Project Services,Execute APP,1607_31850,Approved,Approved - Execute APP,,0,,0,,,Not Started,
yes,Project Services,MTOs & Estimate Inputs,1607_31690,Develop,Develop - MTOs & Estimate Inputs,,5,,32,,,Not Started,
yes,Project Services,End of  Estimate & Basis,1607_31730,Develop,Develop - End of FEL 3 Estimate & Basis,,8,,30,,,Not Started,
yes,Project Services,End of  Estimate & Basis for bp Review,1607_31810,Issue,Issue - End of FEL 3 Estimate & Basis for bp Review,,0,,0,,,Not Started,
yes,Project Services,End of  Estimate & Basis,1607_31820,bp Review,bp Review - End of FEL 3 Estimate & Basis,,5,,0,,,Not Started,
yes,Project Services,End of  Cost Estimate Review,1607_31860,Perform,Perform - End of FEL 3 Cost Estimate Review,,1,,4,,,Not Started,
yes,Project Services,End of  Estimate Review Comments,1607_31870,Incorporate,Incorporate - End of FEL 3 Estimate Review Comments,,6,,8,,,Not Started,
yes,Project Services,End of  Estimate & Basis for Approval,1607_31900,Issue,Issue - End of FEL 3 Estimate & Basis for Approval,,0,,0,,,Not Started,
yes,Project Services,End of  Estimate & Basis,1607_31910,bp Review,bp Review - End of FEL 3 Estimate & Basis,,5,,0,,,Not Started,
yes,Project Services,End of  Cost Estimate,1607_31940,Approved,Approved - End of FEL 3 Cost Estimate,,0,,0,,,Not Started,
yes,Project Services,End of  Schedule & Basis,1607_31740,Develop,Develop - End of FEL 3 Schedule & Basis,,3,,10,,,Not Started,
yes,Project Services,End of  Engineering Interactive Planning Session,1607_31750,Perform,Perform - End of FEL 3 Engineering Interactive Planning Session,,1,,7,,,Not Started,
yes,Project Services,End of  Schedule & Basis for bp Review,1607_31830,Issue,Issue - End of FEL 3 Schedule & Basis for bp Review,,0,,0,,,Not Started,
yes,Project Services,End of  Schedule & Basis,1607_31840,bp Review,bp Review - End of FEL 3 Schedule & Basis,,4,,0,,,Not Started,
yes,Project Services,End of  Schedule Review,1607_31880,Perform,Perform - End of FEL 3 Schedule Review (bp),,1,,2,,,Not Started,
yes,Project Services,End of  Review Comments,1607_31890,Incorporate,Incorporate - End of FEL 3 Review Comments,,6,,4,,,Not Started,
yes,Project Services,End of  Schedule & Basis for Approval,1607_31920,Issue,Issue - End of FEL 3 Schedule & Basis for Approval,,0,,0,,,Not Started,
yes,Project Services,End of  Schedule & Basis,1607_31930,Review,Review - End of FEL 3 Schedule & Basis,,5,,0,,,Not Started,
yes,Project Services,End of  Schedule,1607_31960,Approved,Approved - End of FEL 3 Schedule,,0,,0,,,Not Started,
yes,Engineering,DSP,1607_31950,Compile,Compile - FEL 3 DSP,,5,,5,,,Not Started,
yes,Engineering,DSP to bp PM,1607_31980,Issue,Issue - FEL 3 DSP to bp PM,,0,,0,,,Not Started,
yes,Engineering,bp PM  DSP Comments,1607_31990,Incorporate,Incorporate - bp PM FEL 3 DSP Comments,,2,,0,,,Not Started,
yes,Engineering,DSP to bp Program Lead,1607_32000,Issue,Issue - FEL 3 DSP to bp Program Lead,,0,,0,,,Not Started,
yes,Project Assurance,DSP by bp Program Lead,1607_32010,Review & Comment,Review & Comment - FEL 3 DSP by bp Program Lead,,7,,0,,,Not Started,
yes,Engineering,Program Lead  DSP Comments,1607_32020,Incorporate,Incorporate - Program Lead FEL 3 DSP Comments,,2,,0,,,Not Started,
yes,Engineering,DSP to bp Leadership,1607_32030,Issue,Issue - FEL 3 DSP to bp Leadership,,0,,0,,,Not Started,
yes,Project Assurance,DSP by bp Leadership,1607_32040,Review,Review - FEL 3 DSP by bp Leadership,,10,,0,,,Not Started,
yes,Engineering,DSP Sign-Off Meeting,1607_32050,Perform,Perform - FEL 3 DSP Sign-Off Meeting,,1,,0,,,Not Started,
yes,PMAC,DSP,1607_32060,Approved,Approved - FEL 3 DSP,,0,,0,,,Not Started,
yes,PMAC,AFC Funding,1607_32070,Receive,Receive - AFC Funding,,5,,0,,,Not Started,
